<application>
  <component name="GitRememberedInputs">
    <option name="visitedUrls">
      <list>
        <UrlAndUserName>
          <option name="url" value="http://git.citms.cn" />
          <option name="userName" value="nifan950624" />
        </UrlAndUserName>
      </list>
    </option>
  </component>
  <component name="Vcs.Log.App.Settings">
    <option name="COLUMN_ORDER">
      <list>
        <option value="0" />
        <option value="1" />
        <option value="2" />
        <option value="3" />
      </list>
    </option>
  </component>
  <component name="VcsApplicationSettings">
    <option name="COMMIT_FROM_LOCAL_CHANGES" value="true" />
  </component>
</application>