<keymap version="1" name="VSCode (macOS)复制" parent="VSCode OSX">
  <action id="ActivateProjectToolWindow">
    <keyboard-shortcut first-keystroke="ctrl b" />
  </action>
  <action id="ActivateTerminalToolWindow">
    <keyboard-shortcut first-keystroke="ctrl t" />
  </action>
  <action id="EditorDeleteToLineEnd">
    <keyboard-shortcut first-keystroke="meta delete" />
  </action>
  <action id="EditorDown">
    <keyboard-shortcut first-keystroke="down" />
    <keyboard-shortcut first-keystroke="ctrl n" />
    <keyboard-shortcut first-keystroke="ctrl j" />
  </action>
  <action id="EditorJoinLines" />
  <action id="EditorLeft">
    <keyboard-shortcut first-keystroke="left" />
  </action>
  <action id="EditorUp">
    <keyboard-shortcut first-keystroke="up" />
    <keyboard-shortcut first-keystroke="ctrl p" />
    <keyboard-shortcut first-keystroke="ctrl k" />
  </action>
  <action id="FileChooser.NewFile" />
  <action id="HideSideWindows" />
  <action id="InsertLiveTemplate" />
  <action id="RecentFiles" />
  <action id="ServiceView.GroupByContributor" />
  <action id="ServiceView.GroupByServiceGroups" />
  <action id="UsageGrouping.Directory" />
  <action id="UsageGrouping.Package" />
  <action id="UsageGrouping.UsageType" />
</keymap>