<profile version="1.0">
  <option name="myName" value="Default" />
  <inspection_tool class="CssBrowserCompatibilityForProperties" enabled="false" level="INFORMATION" enabled_by_default="false" />
  <inspection_tool class="CssConvertColorToHexInspection" enabled="false" level="INFORMATION" enabled_by_default="false" />
  <inspection_tool class="CssConvertColorToRgbInspection" enabled="false" level="INFORMATION" enabled_by_default="false" />
  <inspection_tool class="CssFloatPxLength" enabled="true" level="INFORMATION" enabled_by_default="true" />
  <inspection_tool class="CssInvalidAtRule" enabled="true" level="INFORMATION" enabled_by_default="true" />
  <inspection_tool class="CssInvalidCharsetRule" enabled="true" level="INFORMATION" enabled_by_default="true" />
  <inspection_tool class="CssInvalidElement" enabled="true" level="INFORMATION" enabled_by_default="true" />
  <inspection_tool class="CssInvalidFunction" enabled="true" level="INFORMATION" enabled_by_default="true" />
  <inspection_tool class="CssInvalidHtmlTagReference" enabled="true" level="INFORMATION" enabled_by_default="true" />
  <inspection_tool class="CssInvalidImport" enabled="true" level="INFORMATION" enabled_by_default="true" />
  <inspection_tool class="CssInvalidMediaFeature" enabled="true" level="INFORMATION" enabled_by_default="true" />
  <inspection_tool class="CssInvalidPropertyValue" enabled="true" level="INFORMATION" enabled_by_default="true" />
  <inspection_tool class="CssInvalidPseudoSelector" enabled="true" level="INFORMATION" enabled_by_default="true" />
  <inspection_tool class="CssMissingComma" enabled="true" level="INFORMATION" enabled_by_default="true" />
  <inspection_tool class="CssMissingSemicolon" enabled="false" level="INFORMATION" enabled_by_default="false" />
  <inspection_tool class="CssNegativeValue" enabled="true" level="INFORMATION" enabled_by_default="true" />
  <inspection_tool class="CssNoGenericFontName" enabled="true" level="INFORMATION" enabled_by_default="true" />
  <inspection_tool class="CssOverwrittenProperties" enabled="true" level="INFORMATION" enabled_by_default="true" />
  <inspection_tool class="CssRedundantUnit" enabled="true" level="INFORMATION" enabled_by_default="true" />
  <inspection_tool class="CssReplaceWithShorthandSafely" enabled="true" level="INFORMATION" enabled_by_default="true" />
  <inspection_tool class="CssUnitlessNumber" enabled="true" level="INFORMATION" enabled_by_default="true" />
  <inspection_tool class="CssUnknownProperty" enabled="true" level="INFORMATION" enabled_by_default="true" />
  <inspection_tool class="CssUnknownTarget" enabled="true" level="INFORMATION" enabled_by_default="true" />
  <inspection_tool class="CssUnresolvedClass" enabled="true" level="INFORMATION" enabled_by_default="true" />
  <inspection_tool class="CssUnresolvedCustomProperty" enabled="true" level="INFORMATION" enabled_by_default="true" />
  <inspection_tool class="CssUnusedSymbol" enabled="true" level="INFORMATION" enabled_by_default="true" />
  <inspection_tool class="Rubocop" enabled="false" level="WARNING" enabled_by_default="false" />
  <inspection_tool class="Stylelint" enabled="false" level="INFORMATION" enabled_by_default="false" />
</profile>