<profile version="1.0">
  <option name="myName" value="Default" />
  <inspection_tool class="AmdModulesDependencies" enabled="true" level="INFORMATION" enabled_by_default="true" />
  <inspection_tool class="AnonymousFunctionJS" enabled="false" level="INFORMATION" enabled_by_default="false" />
  <inspection_tool class="AssignmentResultUsedJS" enabled="false" level="INFORMATION" enabled_by_default="false" />
  <inspection_tool class="AssignmentToForLoopParameterJS" enabled="false" level="INFORMATION" enabled_by_default="false" />
  <inspection_tool class="AssignmentToFunctionParameterJS" enabled="false" level="INFORMATION" enabled_by_default="false" />
  <inspection_tool class="BadExpressionStatementJS" enabled="true" level="INFORMATION" enabled_by_default="true" />
  <inspection_tool class="BlockStatementJS" enabled="false" level="INFORMATION" enabled_by_default="false" />
  <inspection_tool class="BreakStatementJS" enabled="false" level="INFORMATION" enabled_by_default="false" />
  <inspection_tool class="BreakStatementWithLabelJS" enabled="false" level="INFORMATION" enabled_by_default="false" />
  <inspection_tool class="CallerJS" enabled="true" level="INFORMATION" enabled_by_default="true" />
  <inspection_tool class="ChainedEqualityJS" enabled="false" level="INFORMATION" enabled_by_default="false" />
  <inspection_tool class="ChainedFunctionCallJS" enabled="false" level="INFORMATION" enabled_by_default="false" />
  <inspection_tool class="CheckEmptyScriptTag" enabled="true" level="INFORMATION" enabled_by_default="true" />
  <inspection_tool class="CheckImageSize" enabled="true" level="INFORMATION" enabled_by_default="true" />
  <inspection_tool class="CheckValidXmlInScriptTagBody" enabled="true" level="INFORMATION" enabled_by_default="true" />
  <inspection_tool class="CommaExpressionJS" enabled="true" level="INFORMATION" enabled_by_default="true" />
  <inspection_tool class="ConditionalExpressionJS" enabled="false" level="INFORMATION" enabled_by_default="false" />
  <inspection_tool class="ConditionalExpressionWithIdenticalBranchesJS" enabled="false" level="INFORMATION" enabled_by_default="false" />
  <inspection_tool class="ConfusingFloatingPointLiteralJS" enabled="false" level="INFORMATION" enabled_by_default="false" />
  <inspection_tool class="ConfusingPlusesOrMinusesJS" enabled="false" level="INFORMATION" enabled_by_default="false" />
  <inspection_tool class="ConstantConditionalExpressionJS" enabled="true" level="INFORMATION" enabled_by_default="true" />
  <inspection_tool class="ConstantOnLHSOfComparisonJS" enabled="false" level="INFORMATION" enabled_by_default="false" />
  <inspection_tool class="ConstantOnRHSOfComparisonJS" enabled="false" level="INFORMATION" enabled_by_default="false" />
  <inspection_tool class="ContinueOrBreakFromFinallyBlockJS" enabled="true" level="INFORMATION" enabled_by_default="true" />
  <inspection_tool class="ContinueStatementJS" enabled="false" level="INFORMATION" enabled_by_default="false" />
  <inspection_tool class="ContinueStatementWithLabelJS" enabled="false" level="INFORMATION" enabled_by_default="false" />
  <inspection_tool class="CssBrowserCompatibilityForProperties" enabled="false" level="INFORMATION" enabled_by_default="false" />
  <inspection_tool class="CssConvertColorToHexInspection" enabled="false" level="INFORMATION" enabled_by_default="false" />
  <inspection_tool class="CssConvertColorToRgbInspection" enabled="false" level="INFORMATION" enabled_by_default="false" />
  <inspection_tool class="CssFloatPxLength" enabled="true" level="INFORMATION" enabled_by_default="true" />
  <inspection_tool class="CssInvalidAtRule" enabled="true" level="INFORMATION" enabled_by_default="true" />
  <inspection_tool class="CssInvalidCharsetRule" enabled="true" level="INFORMATION" enabled_by_default="true" />
  <inspection_tool class="CssInvalidElement" enabled="true" level="INFORMATION" enabled_by_default="true" />
  <inspection_tool class="CssInvalidFunction" enabled="true" level="INFORMATION" enabled_by_default="true" />
  <inspection_tool class="CssInvalidHtmlTagReference" enabled="true" level="INFORMATION" enabled_by_default="true" />
  <inspection_tool class="CssInvalidImport" enabled="true" level="INFORMATION" enabled_by_default="true" />
  <inspection_tool class="CssInvalidMediaFeature" enabled="true" level="INFORMATION" enabled_by_default="true" />
  <inspection_tool class="CssInvalidPropertyValue" enabled="true" level="INFORMATION" enabled_by_default="true" />
  <inspection_tool class="CssInvalidPseudoSelector" enabled="true" level="INFORMATION" enabled_by_default="true" />
  <inspection_tool class="CssMissingComma" enabled="true" level="INFORMATION" enabled_by_default="true" />
  <inspection_tool class="CssMissingSemicolon" enabled="false" level="INFORMATION" enabled_by_default="false" />
  <inspection_tool class="CssNegativeValue" enabled="true" level="INFORMATION" enabled_by_default="true" />
  <inspection_tool class="CssNoGenericFontName" enabled="true" level="INFORMATION" enabled_by_default="true" />
  <inspection_tool class="CssOverwrittenProperties" enabled="true" level="INFORMATION" enabled_by_default="true" />
  <inspection_tool class="CssRedundantUnit" enabled="true" level="INFORMATION" enabled_by_default="true" />
  <inspection_tool class="CssReplaceWithShorthandSafely" enabled="true" level="INFORMATION" enabled_by_default="true" />
  <inspection_tool class="CssUnitlessNumber" enabled="true" level="INFORMATION" enabled_by_default="true" />
  <inspection_tool class="CssUnknownProperty" enabled="true" level="INFORMATION" enabled_by_default="true">
    <option name="myCustomPropertiesEnabled" value="false" />
    <option name="myIgnoreVendorSpecificProperties" value="false" />
    <option name="myCustomPropertiesList">
      <value>
        <list size="0" />
      </value>
    </option>
  </inspection_tool>
  <inspection_tool class="CssUnknownTarget" enabled="true" level="INFORMATION" enabled_by_default="true" />
  <inspection_tool class="CssUnresolvedClass" enabled="true" level="INFORMATION" enabled_by_default="true" />
  <inspection_tool class="CssUnresolvedCustomProperty" enabled="true" level="INFORMATION" enabled_by_default="true" />
  <inspection_tool class="CssUnusedSymbol" enabled="true" level="INFORMATION" enabled_by_default="true" />
  <inspection_tool class="CyclomaticComplexityJS" enabled="false" level="INFORMATION" enabled_by_default="false">
    <option name="m_limit" value="10" />
  </inspection_tool>
  <inspection_tool class="DebuggerStatementJS" enabled="false" level="INFORMATION" enabled_by_default="false" />
  <inspection_tool class="DefaultNotLastCaseInSwitchJS" enabled="false" level="INFORMATION" enabled_by_default="false" />
  <inspection_tool class="DivideByZeroJS" enabled="false" level="INFORMATION" enabled_by_default="false" />
  <inspection_tool class="DocumentWriteJS" enabled="false" level="INFORMATION" enabled_by_default="false" />
  <inspection_tool class="DuplicateCaseLabelJS" enabled="true" level="INFORMATION" enabled_by_default="true" />
  <inspection_tool class="DuplicateConditionJS" enabled="false" level="INFORMATION" enabled_by_default="false" />
  <inspection_tool class="DynamicallyGeneratedCodeJS" enabled="false" level="INFORMATION" enabled_by_default="false" />
  <inspection_tool class="ES6AwaitOutsideAsyncFunction" enabled="true" level="INFORMATION" enabled_by_default="true" />
  <inspection_tool class="ES6BindWithArrowFunction" enabled="true" level="INFORMATION" enabled_by_default="true" />
  <inspection_tool class="ES6CheckImport" enabled="true" level="INFORMATION" enabled_by_default="true" />
  <inspection_tool class="ES6ClassMemberInitializationOrder" enabled="true" level="INFORMATION" enabled_by_default="true" />
  <inspection_tool class="ES6ConvertVarToLetConst" enabled="true" level="INFORMATION" enabled_by_default="true" />
  <inspection_tool class="ES6DestructuringVariablesMerge" enabled="true" level="INFORMATION" enabled_by_default="true" />
  <inspection_tool class="ES6MissingAwait" enabled="true" level="INFORMATION" enabled_by_default="true" />
  <inspection_tool class="ES6ModulesDependencies" enabled="true" level="INFORMATION" enabled_by_default="true" />
  <inspection_tool class="ES6PossiblyAsyncFunction" enabled="true" level="INFORMATION" enabled_by_default="true" />
  <inspection_tool class="ES6RedundantAwait" enabled="true" level="INFORMATION" enabled_by_default="true" />
  <inspection_tool class="ES6RedundantNestingInTemplateLiteral" enabled="true" level="INFORMATION" enabled_by_default="true" />
  <inspection_tool class="ES6UnusedImports" enabled="true" level="INFORMATION" enabled_by_default="true" />
  <inspection_tool class="EmptyCatchBlockJS" enabled="false" level="INFORMATION" enabled_by_default="false" />
  <inspection_tool class="EmptyFinallyBlockJS" enabled="false" level="INFORMATION" enabled_by_default="false" />
  <inspection_tool class="EmptyStatementBodyJS" enabled="true" level="INFORMATION" enabled_by_default="true">
    <option name="m_reportEmptyBlocks" value="false" />
  </inspection_tool>
  <inspection_tool class="EmptyTryBlockJS" enabled="false" level="INFORMATION" enabled_by_default="false" />
  <inspection_tool class="Eslint" enabled="false" level="INFORMATION" enabled_by_default="false" />
  <inspection_tool class="ExceptionCaughtLocallyJS" enabled="true" level="INFORMATION" enabled_by_default="true" />
  <inspection_tool class="FallThroughInSwitchStatementJS" enabled="true" level="INFORMATION" enabled_by_default="true" />
  <inspection_tool class="FlowJSConfig" enabled="true" level="INFORMATION" enabled_by_default="true" />
  <inspection_tool class="FlowJSCoverage" enabled="false" level="INFORMATION" enabled_by_default="false" />
  <inspection_tool class="FlowJSError" enabled="false" level="INFORMATION" enabled_by_default="false" />
  <inspection_tool class="FlowJSFlagCommentPlacement" enabled="true" level="INFORMATION" enabled_by_default="true" />
  <inspection_tool class="ForLoopReplaceableByWhileJS" enabled="false" level="INFORMATION" enabled_by_default="false">
    <option name="m_ignoreLoopsWithoutConditions" value="false" />
  </inspection_tool>
  <inspection_tool class="ForLoopThatDoesntUseLoopVariableJS" enabled="false" level="INFORMATION" enabled_by_default="false" />
  <inspection_tool class="FunctionNamingConventionJS" enabled="false" level="INFORMATION" enabled_by_default="false">
    <option name="m_regex" value="[a-z][A-Za-z]*" />
    <option name="m_minLength" value="4" />
    <option name="m_maxLength" value="32" />
  </inspection_tool>
  <inspection_tool class="FunctionWithInconsistentReturnsJS" enabled="false" level="INFORMATION" enabled_by_default="false" />
  <inspection_tool class="FunctionWithMultipleLoopsJS" enabled="false" level="INFORMATION" enabled_by_default="false" />
  <inspection_tool class="FunctionWithMultipleReturnPointsJS" enabled="false" level="INFORMATION" enabled_by_default="false" />
  <inspection_tool class="GjsLint" enabled="false" level="INFORMATION" enabled_by_default="false" />
  <inspection_tool class="HtmlDeprecatedAttribute" enabled="true" level="INFORMATION" enabled_by_default="true" />
  <inspection_tool class="HtmlDeprecatedTag" enabled="true" level="INFORMATION" enabled_by_default="true" />
  <inspection_tool class="HtmlExtraClosingTag" enabled="true" level="INFORMATION" enabled_by_default="true" />
  <inspection_tool class="HtmlFormInputWithoutLabel" enabled="true" level="INFORMATION" enabled_by_default="true" />
  <inspection_tool class="HtmlNonExistentInternetResource" enabled="false" level="INFORMATION" enabled_by_default="false" />
  <inspection_tool class="HtmlRequiredAltAttribute" enabled="true" level="INFORMATION" enabled_by_default="true" />
  <inspection_tool class="HtmlRequiredLangAttribute" enabled="true" level="INFORMATION" enabled_by_default="true" />
  <inspection_tool class="HtmlRequiredTitleElement" enabled="true" level="INFORMATION" enabled_by_default="true" />
  <inspection_tool class="HtmlUnknownAnchorTarget" enabled="true" level="INFORMATION" enabled_by_default="true" />
  <inspection_tool class="HtmlUnknownAttribute" enabled="true" level="INFORMATION" enabled_by_default="true">
    <option name="myValues">
      <value>
        <list size="0" />
      </value>
    </option>
    <option name="myCustomValuesEnabled" value="true" />
  </inspection_tool>
  <inspection_tool class="HtmlUnknownBooleanAttribute" enabled="true" level="INFORMATION" enabled_by_default="true" />
  <inspection_tool class="HtmlUnknownTag" enabled="true" level="INFORMATION" enabled_by_default="true">
    <option name="myValues">
      <value>
        <list size="6">
          <item index="0" class="java.lang.String" itemvalue="nobr" />
          <item index="1" class="java.lang.String" itemvalue="noembed" />
          <item index="2" class="java.lang.String" itemvalue="comment" />
          <item index="3" class="java.lang.String" itemvalue="noscript" />
          <item index="4" class="java.lang.String" itemvalue="embed" />
          <item index="5" class="java.lang.String" itemvalue="script" />
        </list>
      </value>
    </option>
    <option name="myCustomValuesEnabled" value="true" />
  </inspection_tool>
  <inspection_tool class="HtmlUnknownTarget" enabled="true" level="INFORMATION" enabled_by_default="true" />
  <inspection_tool class="IfStatementWithIdenticalBranchesJS" enabled="false" level="INFORMATION" enabled_by_default="false" />
  <inspection_tool class="IfStatementWithTooManyBranchesJS" enabled="false" level="INFORMATION" enabled_by_default="false">
    <option name="m_limit" value="3" />
  </inspection_tool>
  <inspection_tool class="IncompatibleMaskJS" enabled="true" level="INFORMATION" enabled_by_default="true" />
  <inspection_tool class="IncrementDecrementResultUsedJS" enabled="false" level="INFORMATION" enabled_by_default="false" />
  <inspection_tool class="InfiniteLoopJS" enabled="true" level="INFORMATION" enabled_by_default="true" />
  <inspection_tool class="InfiniteRecursionJS" enabled="true" level="INFORMATION" enabled_by_default="true" />
  <inspection_tool class="InnerHTMLJS" enabled="false" level="INFORMATION" enabled_by_default="false" />
  <inspection_tool class="JSAccessibilityCheck" enabled="true" level="INFORMATION" enabled_by_default="true" />
  <inspection_tool class="JSAnnotator" enabled="true" level="INFORMATION" enabled_by_default="true" />
  <inspection_tool class="JSAssignmentUsedAsCondition" enabled="true" level="INFORMATION" enabled_by_default="true" />
  <inspection_tool class="JSBitwiseOperatorUsage" enabled="true" level="INFORMATION" enabled_by_default="true" />
  <inspection_tool class="JSCheckFunctionSignatures" enabled="true" level="INFORMATION" enabled_by_default="true" />
  <inspection_tool class="JSClassNamingConvention" enabled="false" level="INFORMATION" enabled_by_default="false" />
  <inspection_tool class="JSClosureCompilerSyntax" enabled="true" level="INFORMATION" enabled_by_default="true" />
  <inspection_tool class="JSCommentMatchesSignature" enabled="true" level="INFORMATION" enabled_by_default="true" />
  <inspection_tool class="JSComparisonWithNaN" enabled="true" level="INFORMATION" enabled_by_default="true" />
  <inspection_tool class="JSConsecutiveCommasInArrayLiteral" enabled="true" level="INFORMATION" enabled_by_default="true" />
  <inspection_tool class="JSConstructorReturnsPrimitive" enabled="true" level="INFORMATION" enabled_by_default="true" />
  <inspection_tool class="JSDeclarationsAtScopeStart" enabled="false" level="INFORMATION" enabled_by_default="false" />
  <inspection_tool class="JSDeprecatedSymbols" enabled="true" level="INFORMATION" enabled_by_default="true" />
  <inspection_tool class="JSDuplicatedDeclaration" enabled="true" level="INFORMATION" enabled_by_default="true" />
  <inspection_tool class="JSEqualityComparisonWithCoercion" enabled="true" level="INFORMATION" enabled_by_default="true" />
  <inspection_tool class="JSFileReferences" enabled="true" level="INFORMATION" enabled_by_default="true" />
  <inspection_tool class="JSHint" enabled="false" level="INFORMATION" enabled_by_default="false" />
  <inspection_tool class="JSIgnoredPromiseFromCall" enabled="true" level="INFORMATION" enabled_by_default="true" />
  <inspection_tool class="JSIncompatibleTypesComparison" enabled="true" level="INFORMATION" enabled_by_default="true" />
  <inspection_tool class="JSJQueryEfficiency" enabled="true" level="INFORMATION" enabled_by_default="true" />
  <inspection_tool class="JSLastCommaInArrayLiteral" enabled="true" level="INFORMATION" enabled_by_default="true" />
  <inspection_tool class="JSLastCommaInObjectLiteral" enabled="true" level="INFORMATION" enabled_by_default="true" />
  <inspection_tool class="JSLint" enabled="false" level="INFORMATION" enabled_by_default="false" />
  <inspection_tool class="JSMethodCanBeStatic" enabled="true" level="INFORMATION" enabled_by_default="true" />
  <inspection_tool class="JSMismatchedCollectionQueryUpdate" enabled="true" level="INFORMATION" enabled_by_default="true">
    <option name="queries" value="trace,write,forEach,length" />
    <option name="updates" value="pop,push,shift,splice,unshift,add,insert,remove" />
  </inspection_tool>
  <inspection_tool class="JSNonASCIINames" enabled="true" level="INFORMATION" enabled_by_default="true" />
  <inspection_tool class="JSNonStrictModeUsed" enabled="false" level="INFORMATION" enabled_by_default="false" />
  <inspection_tool class="JSObjectNullOrUndefined" enabled="true" level="INFORMATION" enabled_by_default="true" />
  <inspection_tool class="JSPotentiallyInvalidConstructorUsage" enabled="true" level="INFORMATION" enabled_by_default="true">
    <option name="myConsiderUppercaseFunctionsToBeConstructors" value="true" />
  </inspection_tool>
  <inspection_tool class="JSPotentiallyInvalidTargetOfIndexedPropertyAccess" enabled="true" level="INFORMATION" enabled_by_default="true" />
  <inspection_tool class="JSPotentiallyInvalidUsageOfClassThis" enabled="true" level="INFORMATION" enabled_by_default="true" />
  <inspection_tool class="JSPotentiallyInvalidUsageOfThis" enabled="true" level="INFORMATION" enabled_by_default="true" />
  <inspection_tool class="JSPrimitiveTypeWrapperUsage" enabled="true" level="INFORMATION" enabled_by_default="true" />
  <inspection_tool class="JSRedeclarationOfBlockScope" enabled="true" level="INFORMATION" enabled_by_default="true" />
  <inspection_tool class="JSRedundantSwitchStatement" enabled="true" level="INFORMATION" enabled_by_default="true" />
  <inspection_tool class="JSReferencingArgumentsOutsideOfFunction" enabled="true" level="INFORMATION" enabled_by_default="true" />
  <inspection_tool class="JSReferencingMutableVariableFromClosure" enabled="true" level="INFORMATION" enabled_by_default="true" />
  <inspection_tool class="JSSuspiciousEqPlus" enabled="true" level="INFORMATION" enabled_by_default="true" />
  <inspection_tool class="JSSuspiciousNameCombination" enabled="true" level="INFORMATION" enabled_by_default="true">
    <group names="x,width,left,right" />
    <group names="y,height,top,bottom" />
    <exclude classes="Math" />
  </inspection_tool>
  <inspection_tool class="JSSwitchVariableDeclarationIssue" enabled="true" level="INFORMATION" enabled_by_default="true" />
  <inspection_tool class="JSTestFailedLine" enabled="true" level="INFORMATION" enabled_by_default="true" />
  <inspection_tool class="JSTypeOfValues" enabled="true" level="INFORMATION" enabled_by_default="true" />
  <inspection_tool class="JSUndeclaredVariable" enabled="true" level="INFORMATION" enabled_by_default="true" />
  <inspection_tool class="JSUndefinedPropertyAssignment" enabled="true" level="INFORMATION" enabled_by_default="true" />
  <inspection_tool class="JSUnfilteredForInLoop" enabled="true" level="INFORMATION" enabled_by_default="true" />
  <inspection_tool class="JSUnnecessarySemicolon" enabled="true" level="INFORMATION" enabled_by_default="true" />
  <inspection_tool class="JSUnreachableSwitchBranches" enabled="true" level="INFORMATION" enabled_by_default="true" />
  <inspection_tool class="JSUnresolvedExtXType" enabled="true" level="INFORMATION" enabled_by_default="true" />
  <inspection_tool class="JSUnresolvedFunction" enabled="true" level="INFORMATION" enabled_by_default="true" />
  <inspection_tool class="JSUnresolvedLibraryURL" enabled="true" level="INFORMATION" enabled_by_default="true" />
  <inspection_tool class="JSUnresolvedVariable" enabled="true" level="INFORMATION" enabled_by_default="true" />
  <inspection_tool class="JSUnusedAssignment" enabled="true" level="INFORMATION" enabled_by_default="true" />
  <inspection_tool class="JSUnusedGlobalSymbols" enabled="true" level="INFORMATION" enabled_by_default="true" />
  <inspection_tool class="JSUnusedLocalSymbols" enabled="true" level="INFORMATION" enabled_by_default="true" />
  <inspection_tool class="JSValidateJSDoc" enabled="true" level="INFORMATION" enabled_by_default="true" />
  <inspection_tool class="JSValidateTypes" enabled="true" level="INFORMATION" enabled_by_default="true" />
  <inspection_tool class="JSXNamespaceValidation" enabled="true" level="INFORMATION" enabled_by_default="true" />
  <inspection_tool class="Jscs" enabled="false" level="INFORMATION" enabled_by_default="false" />
  <inspection_tool class="Json5StandardCompliance" enabled="true" level="INFORMATION" enabled_by_default="true" />
  <inspection_tool class="JsonDuplicatePropertyKeys" enabled="true" level="INFORMATION" enabled_by_default="true" />
  <inspection_tool class="JsonSchemaCompliance" enabled="true" level="INFORMATION" enabled_by_default="true" />
  <inspection_tool class="JsonSchemaDeprecation" enabled="true" level="INFORMATION" enabled_by_default="true" />
  <inspection_tool class="JsonSchemaRefReference" enabled="true" level="INFORMATION" enabled_by_default="true" />
  <inspection_tool class="JsonStandardCompliance" enabled="true" level="INFORMATION" enabled_by_default="true" />
  <inspection_tool class="KarmaConfigFile" enabled="true" level="INFORMATION" enabled_by_default="true" />
  <inspection_tool class="LabeledStatementJS" enabled="false" level="INFORMATION" enabled_by_default="false" />
  <inspection_tool class="LocalVariableNamingConventionJS" enabled="false" level="INFORMATION" enabled_by_default="false">
    <option name="m_regex" value="[a-z][A-Za-z]*" />
    <option name="m_minLength" value="1" />
    <option name="m_maxLength" value="32" />
  </inspection_tool>
  <inspection_tool class="LoopStatementThatDoesntLoopJS" enabled="true" level="INFORMATION" enabled_by_default="true" />
  <inspection_tool class="MagicNumberJS" enabled="false" level="INFORMATION" enabled_by_default="false" />
  <inspection_tool class="MarkdownUnresolvedFileReference" enabled="true" level="INFORMATION" enabled_by_default="true" />
  <inspection_tool class="NegatedConditionalExpressionJS" enabled="false" level="INFORMATION" enabled_by_default="false" />
  <inspection_tool class="NegatedIfStatementJS" enabled="false" level="INFORMATION" enabled_by_default="false" />
  <inspection_tool class="NestedAssignmentJS" enabled="false" level="INFORMATION" enabled_by_default="false" />
  <inspection_tool class="NestedConditionalExpressionJS" enabled="false" level="INFORMATION" enabled_by_default="false" />
  <inspection_tool class="NestedFunctionCallJS" enabled="false" level="INFORMATION" enabled_by_default="false" />
  <inspection_tool class="NestedFunctionJS" enabled="false" level="INFORMATION" enabled_by_default="false">
    <option name="m_includeAnonymousFunctions" value="false" />
  </inspection_tool>
  <inspection_tool class="NestedSwitchStatementJS" enabled="false" level="INFORMATION" enabled_by_default="false" />
  <inspection_tool class="NestingDepthJS" enabled="false" level="INFORMATION" enabled_by_default="false">
    <option name="m_limit" value="5" />
  </inspection_tool>
  <inspection_tool class="NodeJsCodingAssistanceForCoreModules" enabled="true" level="INFORMATION" enabled_by_default="true" />
  <inspection_tool class="NodeModulesDependencies" enabled="true" level="INFORMATION" enabled_by_default="true" />
  <inspection_tool class="NonBlockStatementBodyJS" enabled="false" level="INFORMATION" enabled_by_default="false" />
  <inspection_tool class="NonShortCircuitBooleanExpressionJS" enabled="false" level="INFORMATION" enabled_by_default="false" />
  <inspection_tool class="NpmUsedModulesInstalled" enabled="true" level="INFORMATION" enabled_by_default="true" />
  <inspection_tool class="ObjectAllocationIgnoredJS" enabled="false" level="INFORMATION" enabled_by_default="false" />
  <inspection_tool class="OctalIntegerJS" enabled="true" level="INFORMATION" enabled_by_default="true" />
  <inspection_tool class="OverlyComplexArithmeticExpressionJS" enabled="false" level="INFORMATION" enabled_by_default="false">
    <option name="m_limit" value="6" />
  </inspection_tool>
  <inspection_tool class="OverlyComplexBooleanExpressionJS" enabled="false" level="INFORMATION" enabled_by_default="false">
    <option name="m_limit" value="3" />
  </inspection_tool>
  <inspection_tool class="PackageJsonMismatchedDependency" enabled="true" level="INFORMATION" enabled_by_default="true" />
  <inspection_tool class="ParameterNamingConventionJS" enabled="false" level="INFORMATION" enabled_by_default="false">
    <option name="m_regex" value="[a-z][A-Za-z]*" />
    <option name="m_minLength" value="1" />
    <option name="m_maxLength" value="32" />
  </inspection_tool>
  <inspection_tool class="ParametersPerFunctionJS" enabled="false" level="INFORMATION" enabled_by_default="false">
    <option name="m_limit" value="5" />
  </inspection_tool>
  <inspection_tool class="PlatformDetectionJS" enabled="false" level="INFORMATION" enabled_by_default="false" />
  <inspection_tool class="PointlessArithmeticExpressionJS" enabled="true" level="INFORMATION" enabled_by_default="true" />
  <inspection_tool class="PointlessBitwiseExpressionJS" enabled="false" level="INFORMATION" enabled_by_default="false">
    <option name="m_ignoreExpressionsContainingConstants" value="false" />
  </inspection_tool>
  <inspection_tool class="PointlessBooleanExpressionJS" enabled="true" level="INFORMATION" enabled_by_default="true" />
  <inspection_tool class="RegExpAnonymousGroup" enabled="false" level="INFORMATION" enabled_by_default="false" />
  <inspection_tool class="RegExpDuplicateAlternationBranch" enabled="true" level="INFORMATION" enabled_by_default="true" />
  <inspection_tool class="RegExpEmptyAlternationBranch" enabled="true" level="INFORMATION" enabled_by_default="true" />
  <inspection_tool class="RegExpRedundantEscape" enabled="true" level="INFORMATION" enabled_by_default="true" />
  <inspection_tool class="RegExpRepeatedSpace" enabled="true" level="INFORMATION" enabled_by_default="true" />
  <inspection_tool class="RegExpSingleCharAlternation" enabled="true" level="INFORMATION" enabled_by_default="true" />
  <inspection_tool class="RegExpUnexpectedAnchor" enabled="true" level="INFORMATION" enabled_by_default="true" />
  <inspection_tool class="ReplaceAssignmentWithOperatorAssignmentJS" enabled="false" level="INFORMATION" enabled_by_default="false" />
  <inspection_tool class="RequiredAttributes" enabled="true" level="INFORMATION" enabled_by_default="true">
    <option name="myAdditionalRequiredHtmlAttributes" value="" />
  </inspection_tool>
  <inspection_tool class="ReservedWordUsedAsNameJS" enabled="true" level="INFORMATION" enabled_by_default="true" />
  <inspection_tool class="ReturnFromFinallyBlockJS" enabled="true" level="INFORMATION" enabled_by_default="true" />
  <inspection_tool class="ReuseOfLocalVariableJS" enabled="false" level="INFORMATION" enabled_by_default="false" />
  <inspection_tool class="SassScssResolvedByNameOnly" enabled="true" level="INFORMATION" enabled_by_default="true" />
  <inspection_tool class="SassScssUnresolvedMixin" enabled="true" level="INFORMATION" enabled_by_default="true" />
  <inspection_tool class="SassScssUnresolvedPlaceholderSelector" enabled="true" level="INFORMATION" enabled_by_default="true" />
  <inspection_tool class="SassScssUnresolvedVariable" enabled="true" level="INFORMATION" enabled_by_default="true" />
  <inspection_tool class="ShiftOutOfRangeJS" enabled="true" level="INFORMATION" enabled_by_default="true" />
  <inspection_tool class="SillyAssignmentJS" enabled="true" level="INFORMATION" enabled_by_default="true" />
  <inspection_tool class="StandardJS" enabled="false" level="INFORMATION" enabled_by_default="false" />
  <inspection_tool class="StatementsPerFunctionJS" enabled="false" level="INFORMATION" enabled_by_default="false">
    <option name="m_limit" value="30" />
  </inspection_tool>
  <inspection_tool class="StringLiteralBreaksHTMLJS" enabled="false" level="INFORMATION" enabled_by_default="false" />
  <inspection_tool class="Stylelint" enabled="false" level="INFORMATION" enabled_by_default="false" />
  <inspection_tool class="SuspiciousTypeOfGuard" enabled="true" level="INFORMATION" enabled_by_default="true" />
  <inspection_tool class="TailRecursionJS" enabled="false" level="INFORMATION" enabled_by_default="false" />
  <inspection_tool class="TextLabelInSwitchStatementJS" enabled="false" level="INFORMATION" enabled_by_default="false" />
  <inspection_tool class="ThisExpressionReferencesGlobalObjectJS" enabled="true" level="INFORMATION" enabled_by_default="true" />
  <inspection_tool class="ThreeNegationsPerFunctionJS" enabled="false" level="INFORMATION" enabled_by_default="false" />
  <inspection_tool class="ThrowFromFinallyBlockJS" enabled="true" level="INFORMATION" enabled_by_default="true" />
  <inspection_tool class="TrivialConditionalJS" enabled="true" level="INFORMATION" enabled_by_default="true" />
  <inspection_tool class="TrivialIfJS" enabled="true" level="INFORMATION" enabled_by_default="true" />
  <inspection_tool class="UnnecessaryContinueJS" enabled="true" level="INFORMATION" enabled_by_default="true" />
  <inspection_tool class="UnnecessaryLabelJS" enabled="true" level="INFORMATION" enabled_by_default="true" />
  <inspection_tool class="UnnecessaryLabelOnBreakStatementJS" enabled="true" level="INFORMATION" enabled_by_default="true" />
  <inspection_tool class="UnnecessaryLabelOnContinueStatementJS" enabled="true" level="INFORMATION" enabled_by_default="true" />
  <inspection_tool class="UnnecessaryLocalVariableJS" enabled="true" level="INFORMATION" enabled_by_default="true">
    <option name="m_ignoreImmediatelyReturnedVariables" value="false" />
    <option name="m_ignoreAnnotatedVariables" value="false" />
  </inspection_tool>
  <inspection_tool class="UnnecessaryReturnJS" enabled="true" level="INFORMATION" enabled_by_default="true" />
  <inspection_tool class="UnreachableCodeJS" enabled="true" level="INFORMATION" enabled_by_default="true" />
  <inspection_tool class="UnterminatedStatementJS" enabled="true" level="INFORMATION" enabled_by_default="true">
    <option name="ignoreSemicolonAtEndOfBlock" value="true" />
  </inspection_tool>
  <inspection_tool class="UnusedCatchParameterJS" enabled="false" level="INFORMATION" enabled_by_default="false">
    <option name="m_ignoreCatchBlocksWithComments" value="false" />
  </inspection_tool>
  <inspection_tool class="VoidExpressionJS" enabled="false" level="INFORMATION" enabled_by_default="false" />
  <inspection_tool class="W3CssValidation" enabled="false" level="INFORMATION" enabled_by_default="false">
    <option name="myCssVersion" value="css3svg" />
    <option name="myIgnoreVendorSpecificProperties" value="false" />
  </inspection_tool>
  <inspection_tool class="WebpackConfigHighlighting" enabled="true" level="INFORMATION" enabled_by_default="true" />
  <inspection_tool class="WithStatementJS" enabled="true" level="INFORMATION" enabled_by_default="true" />
  <inspection_tool class="XHTMLIncompatabilitiesJS" enabled="false" level="INFORMATION" enabled_by_default="false" />
</profile>