<application>
  <component name="MaterialThemeConfig">
    <option name="arrowsStyle" value="None" />
    <option name="isWizardShown" value="true" />
    <option name="overrideAccentColor" value="true" />
    <option name="pristineConfig" value="false" />
    <option name="treeFontSizeEnabled" value="true" />
    <option name="tabOpacity" value="44" />
    <option name="accentColor" value="ff79c5" />
    <option name="selectedTheme" value="DRACULA" />
    <option name="userId" value="-7c8f30ab:16d827aa67d:-8000" />
    <option name="version" value="3.10.0" />
  </component>
</application>